iter	Logloss
0	0.5295370229
1	0.4932030498
2	0.4488087664
3	0.4267738419
4	0.409396261
5	0.3843721699
6	0.3688350088
7	0.3568226501
8	0.3428002707
9	0.3314807593
10	0.3157819828
11	0.3019809328
12	0.286800001
13	0.271038193
14	0.2625179905
15	0.2537295152
16	0.245880949
17	0.2405536866
18	0.2296355717
19	0.2204722542
20	0.2140804729
21	0.2091729557
22	0.2069838663
23	0.2018323846
24	0.1995489241
25	0.1904504436
26	0.1849101894
27	0.1814653875
28	0.1768542827
29	0.172649389
