iter	Logloss
0	0.5220722728
1	0.4796876188
2	0.4515016133
3	0.4324939292
4	0.4117717659
5	0.3880897689
6	0.3667441858
7	0.3557921324
8	0.3424590248
9	0.3288080591
10	0.3155279378
11	0.3046039219
12	0.2878216003
13	0.2763039545
14	0.2661034206
15	0.2543037062
16	0.2480996682
17	0.2411448829
18	0.2326753862
19	0.2285093581
20	0.2208103152
21	0.2136852107
22	0.2080672438
23	0.2012984004
24	0.1963803034
25	0.1919030999
26	0.1870082289
27	0.1846199722
28	0.1801025094
29	0.1733997503
